Metric,Station Name,Year,Month,Day,Data Quality,Max Temp (°C),Max Temp Flag,Min Temp (°C),Min Temp Flag,Mean Temp (°C),Mean Temp Flag,Total Rain (mm),Total Rain Flag,Total Snow (cm),Total Snow Flag,Total Precip (mm),Total Precip Flag,Snow on Grnd (cm),Snow on Grnd Flag
Non-Blank Cell Count,7992.0,7992.0,7992.0,7992.0,7492.0,7482.0,4.0,7480.0,6.0,7480.0,6.0,7480.0,416.0,7482.0,598.0,7482.0,496.0,7486.0,400.0
Non-Blank Cell Rate (%),100.0,100.0,100.0,100.0,93.74374374374375,93.61861861861863,0.050050050050050046,93.5935935935936,0.07507507507507508,93.5935935935936,0.07507507507507508,93.5935935935936,5.205205205205205,93.61861861861863,7.482482482482483,93.61861861861863,6.206206206206207,93.66866866866866,5.005005005005005
