Metric,Station Name,Year,Month,Day,Data Quality,Max Temp (°C),Max Temp Flag,Min Temp (°C),Min Temp Flag,Mean Temp (°C),Mean Temp Flag,Total Rain (mm),Total Rain Flag,Total Snow (cm),Total Snow Flag,Total Precip (mm),Total Precip Flag,Snow on Grnd (cm),Snow on Grnd Flag
Non-Blank Cell Count,7998.0,7998.0,7998.0,7998.0,0.0,7840.0,146.0,7878.0,148.0,7826.0,148.0,0.0,3312.0,0.0,3312.0,7710.0,252.0,1706.0,104.0
Non-Blank Cell Rate (%),100.0,100.0,100.0,100.0,0.0,98.02450612653163,1.8254563640910229,98.49962490622656,1.8504626156539135,97.84946236559139,1.8504626156539135,0.0,41.410352588147035,0.0,41.410352588147035,96.39909977494374,3.150787696924231,21.330332583145786,1.3003250812703175
