Metric,Station Name,Year,Month,Day,Data Quality,Max Temp (°C),Max Temp Flag,Min Temp (°C),Min Temp Flag,Mean Temp (°C),Mean Temp Flag,Total Rain (mm),Total Rain Flag,Total Snow (cm),Total Snow Flag,Total Precip (mm),Total Precip Flag,Snow on Grnd (cm),Snow on Grnd Flag
Non-Blank Cell Count,3980.0,3980.0,3980.0,3980.0,0.0,3920.0,73.0,3939.0,74.0,3913.0,74.0,0.0,1656.0,0.0,1656.0,3855.0,126.0,853.0,52.0
Non-Blank Cell Rate (%),100.0,100.0,100.0,100.0,0.0,98.49246231155779,1.8341708542713566,98.96984924623115,1.8592964824120601,98.31658291457288,1.8592964824120601,0.0,41.608040201005025,0.0,41.608040201005025,96.85929648241206,3.165829145728643,21.4321608040201,1.306532663316583
