Metric,Station Name,Year,Month,Day,Data Quality,Max Temp (°C),Max Temp Flag,Min Temp (°C),Min Temp Flag,Mean Temp (°C),Mean Temp Flag,Total Rain (mm),Total Rain Flag,Total Snow (cm),Total Snow Flag,Total Precip (mm),Total Precip Flag,Snow on Grnd (cm),Snow on Grnd Flag
Non-Blank Cell Count,3974.0,3974.0,3974.0,3974.0,3746.0,3741.0,2.0,3740.0,3.0,3740.0,3.0,3740.0,208.0,3741.0,299.0,3741.0,248.0,3743.0,200.0
Non-Blank Cell Rate (%),100.0,100.0,100.0,100.0,94.26270759939608,94.13688978359336,0.050327126321087066,94.11172622043281,0.0754906894816306,94.11172622043281,0.0754906894816306,94.11172622043281,5.234021137393055,94.13688978359336,7.523905385002516,94.13688978359336,6.240563663814796,94.18721690991444,5.032712632108707
