Metric,Station Name,Year,Month,Day,Data Quality,Max Temp (°C),Max Temp Flag,Min Temp (°C),Min Temp Flag,Mean Temp (°C),Mean Temp Flag,Total Rain (mm),Total Rain Flag,Total Snow (cm),Total Snow Flag,Total Precip (mm),Total Precip Flag,Snow on Grnd (cm),Snow on Grnd Flag
Non-Blank Cell Count,7999.0,7999.0,7999.0,7999.0,0.0,7922.0,48.0,7920.0,50.0,7918.0,50.0,7904.0,654.0,7922.0,732.0,7926.0,1202.0,1952.0,556.0
Non-Blank Cell Rate (%),100.0,100.0,100.0,100.0,0.0,99.03737967245905,0.6000750093761721,99.01237654706838,0.6250781347668458,98.9873734216777,0.6250781347668458,98.812351543943,8.176022002750344,99.03737967245905,9.151143892986624,99.0873859232404,15.026878359794974,24.40305038129766,6.9508688586073255
