Metric,Station Name,Year,Month,Day,Data Quality,Max Temp (°C),Max Temp Flag,Min Temp (°C),Min Temp Flag,Mean Temp (°C),Mean Temp Flag,Total Rain (mm),Total Rain Flag,Total Snow (cm),Total Snow Flag,Total Precip (mm),Total Precip Flag,Snow on Grnd (cm),Snow on Grnd Flag
Non-Blank Cell Count,3981.0,3981.0,3981.0,3981.0,0.0,3961.0,24.0,3960.0,25.0,3959.0,25.0,3952.0,327.0,3961.0,366.0,3963.0,601.0,976.0,278.0
Non-Blank Cell Rate (%),100.0,100.0,100.0,100.0,0.0,99.49761366490831,0.6028636021100227,99.47249434815373,0.6279829188646069,99.44737503139915,0.6279829188646069,99.27153981411706,8.214016578749057,99.49761366490831,9.193669932177844,99.54785229841748,15.096709369505149,24.516453152474252,6.983170057774428
